source_path,source_url,title,post_type,wp_slug,content_length
/,https://www.timtec.net/,TimTec Compound Libraries for Screening and Chemical Building Blocks,page,home,708
/home/download-databases.html,https://www.timtec.net/home/download-databases.html,Database Access,page,home/download-databases,32041
/user/register.html,https://www.timtec.net/user/register.html,Untitled,page,user/register,64055
/screening-compound-libraries.html,https://www.timtec.net/screening-compound-libraries.html,screening-compound-libraries,page,screening-compound-libraries,164
/targeted.html,https://www.timtec.net/targeted.html,targeted,page,targeted,143
/actitarg-cns.html,https://www.timtec.net/actitarg-cns.html,actitarg-cns,page,actitarg-cns,186
/gpcr-ligands-actitarg-g-library.html,https://www.timtec.net/gpcr-ligands-actitarg-g-library.html,gpcr-ligands-actitarg-g-library,page,gpcr-ligands-actitarg-g-library,172
/kinase-modulators-actitarg-k-library.html,https://www.timtec.net/kinase-modulators-actitarg-k-library.html,kinase-modulators-actitarg-k-library,page,kinase-modulators-actitarg-k-library,182
/protease-inhibitors-actitarg-p-library.html,https://www.timtec.net/protease-inhibitors-actitarg-p-library.html,protease-inhibitors-actitarg-p-library,page,protease-inhibitors-actitarg-p-library,186
/serine-proteinase-inhibitors-actitarg-s-library.html,https://www.timtec.net/serine-proteinase-inhibitors-actitarg-s-library.html,serine-proteinase-inhibitors-actitarg-s-library,page,serine-proteinase-inhibitors-actitarg-s-library,204
/actitarg-i-potassium-channel-modulators.html,https://www.timtec.net/actitarg-i-potassium-channel-modulators.html,actitarg-i-potassium-channel-modulators,page,actitarg-i-potassium-channel-modulators,186
/actitarg-n-nuclear-receptor-ligands.html,https://www.timtec.net/actitarg-n-nuclear-receptor-ligands.html,actitarg-n-nuclear-receptor-ligands,page,actitarg-n-nuclear-receptor-ligands,179
/hdac-inhibitors-actitarg-h-library.html,https://www.timtec.net/hdac-inhibitors-actitarg-h-library.html,hdac-inhibitors-actitarg-h-library,page,hdac-inhibitors-actitarg-h-library,178
/acticom-collection-of-active-compounds.html,https://www.timtec.net/acticom-collection-of-active-compounds.html,acticom-collection-of-active-compounds,page,acticom-collection-of-active-compounds,184
/activity-aimed-sets.html,https://www.timtec.net/activity-aimed-sets.html,activity-aimed-sets,page,activity-aimed-sets,146
/anti-inflammatory.html,https://www.timtec.net/anti-inflammatory.html,anti-inflammatory,page,anti-inflammatory,142
/anti-infectives.html,https://www.timtec.net/anti-infectives.html,anti-infectives,page,anti-infectives,138
/o-glcnac-transferase-inhibitors.html,https://www.timtec.net/o-glcnac-transferase-inhibitors.html,o-glcnac-transferase-inhibitors,page,o-glcnac-transferase-inhibitors,170
/aryl-hydrocarbon-receptor-ahr-ligands-virtual-screen-results.html,https://www.timtec.net/aryl-hydrocarbon-receptor-ahr-ligands-virtual-screen-results.html,aryl-hydrocarbon-receptor-ahr-ligands-virtual-screen-results,page,aryl-hydrocarbon-receptor-ahr-ligands-virtual-screen-results,232
/activators-of-neutrophils.html,https://www.timtec.net/activators-of-neutrophils.html,activators-of-neutrophils,page,activators-of-neutrophils,158
/inhibitors-of-anthrax-lf.html,https://www.timtec.net/inhibitors-of-anthrax-lf.html,inhibitors-of-anthrax-lf,page,inhibitors-of-anthrax-lf,156
/news/timtec-in-publications/potent-tumor-necrosis-factor-alpha-inducers.html,https://www.timtec.net/news/timtec-in-publications/potent-tumor-necrosis-factor-alpha-inducers.html,potent-tumor-necrosis-factor-alpha-inducers,post,news/timtec-in-publications/potent-tumor-necrosis-factor-alpha-inducers,222
/ag-205-pgrmc1-inhibitor.html,https://www.timtec.net/ag-205-pgrmc1-inhibitor.html,ag-205-pgrmc1-inhibitor,page,ag-205-pgrmc1-inhibitor,155
/fpss-st50051351.html,https://www.timtec.net/fpss-st50051351.html,fpss-st50051351,page,fpss-st50051351,139
/privileged-structures.html,https://www.timtec.net/privileged-structures.html,privileged-structures,page,privileged-structures,159
/natural-products.html,https://www.timtec.net/natural-products.html,natural-products,page,natural-products,140
/fbl-fragment-based-library.html,https://www.timtec.net/fbl-fragment-based-library.html,fbl-fragment-based-library,page,fbl-fragment-based-library,162
/template-based-compound-libraries.html,https://www.timtec.net/template-based-compound-libraries.html,template-based-compound-libraries,page,template-based-compound-libraries,174
/diversity-compound-libraries.html,https://www.timtec.net/diversity-compound-libraries.html,diversity-compound-libraries,page,diversity-compound-libraries,164
/actiprobe-series.html,https://www.timtec.net/actiprobe-series.html,actiprobe-series,page,actiprobe-series,140
/actiprobe-2k-screening-starter-kit-library.html,https://www.timtec.net/actiprobe-2k-screening-starter-kit-library.html,actiprobe-2k-screening-starter-kit-library,page,actiprobe-2k-screening-starter-kit-library,194
/actiprobe-10k-library.html,https://www.timtec.net/actiprobe-10k-library.html,actiprobe-10k-library,page,actiprobe-10k-library,150
/actiprobe-25k.html,https://www.timtec.net/actiprobe-25k.html,actiprobe-25k,page,actiprobe-25k,134
/actiglobe-50k.html,https://www.timtec.net/actiglobe-50k.html,actiglobe-50k,page,actiglobe-50k,134
/apexscreen-compound-library.html,https://www.timtec.net/apexscreen-compound-library.html,apexscreen-compound-library,page,apexscreen-compound-library,162
/diversity-screening-set-10k.html,https://www.timtec.net/diversity-screening-set-10k.html,diversity-screening-set-10k,page,diversity-screening-set-10k,162
/myriascreen-diversity-collection.html,https://www.timtec.net/myriascreen-diversity-collection.html,myriascreen-diversity-collection,page,myriascreen-diversity-collection,154
/natural-compound-library.html,https://www.timtec.net/natural-compound-library.html,natural-compound-library,page,natural-compound-library,156
/ndl-3000-natural-derivatives-library.html,https://www.timtec.net/ndl-3000-natural-derivatives-library.html,ndl-3000-natural-derivatives-library,page,ndl-3000-natural-derivatives-library,180
/flavonoid-derivatives.html,https://www.timtec.net/flavonoid-derivatives.html,flavonoid-derivatives,page,flavonoid-derivatives,150
/gossypol-and-derivatives.html,https://www.timtec.net/gossypol-and-derivatives.html,gossypol-and-derivatives,page,gossypol-and-derivatives,156
/gossypol-derivatives.html,https://www.timtec.net/gossypol-derivatives.html,gossypol-derivatives,page,gossypol-derivatives,148
/gossypol-msds.html,https://www.timtec.net/gossypol-msds.html,gossypol-msds,page,gossypol-msds,134
/gossypol-certificate-of-analysis.html,https://www.timtec.net/gossypol-certificate-of-analysis.html,gossypol-certificate-of-analysis,page,gossypol-certificate-of-analysis,172
/plant-extracts.html,https://www.timtec.net/plant-extracts.html,plant-extracts,page,plant-extracts,136
/plants-in-stock-from-a-to-b.html,https://www.timtec.net/plants-in-stock-from-a-to-b.html,plants-in-stock-from-a-to-b,page,plants-in-stock-from-a-to-b,162
/plants-in-stock-from-c-to-f.html,https://www.timtec.net/plants-in-stock-from-c-to-f.html,plants-in-stock-from-c-to-f,page,plants-in-stock-from-c-to-f,162
/plants-in-stock-from-g-to-l.html,https://www.timtec.net/plants-in-stock-from-g-to-l.html,plants-in-stock-from-g-to-l,page,plants-in-stock-from-g-to-l,162
/plants-in-stock-from-m-to-r.html,https://www.timtec.net/plants-in-stock-from-m-to-r.html,plants-in-stock-from-m-to-r,page,plants-in-stock-from-m-to-r,162
/plants-in-stock-from-s-to-z.html,https://www.timtec.net/plants-in-stock-from-s-to-z.html,plants-in-stock-from-s-to-z,page,plants-in-stock-from-s-to-z,162
/natural-products-in-publications.html,https://www.timtec.net/natural-products-in-publications.html,natural-products-in-publications,page,natural-products-in-publications,172
/featured-natural-compounds.html,https://www.timtec.net/featured-natural-compounds.html,featured-natural-compounds,page,featured-natural-compounds,160
/genipin.html,https://www.timtec.net/genipin.html,genipin,page,genipin,122
/monastrol-mitosis-inhibitor.html,https://www.timtec.net/monastrol-mitosis-inhibitor.html,monastrol-mitosis-inhibitor,page,monastrol-mitosis-inhibitor,164
/monastrol-certificate-of-analysis.html,https://www.timtec.net/monastrol-certificate-of-analysis.html,monastrol-certificate-of-analysis,page,monastrol-certificate-of-analysis,174
/monastrol-msds.html,https://www.timtec.net/monastrol-msds.html,monastrol-msds,page,monastrol-msds,136
/monastrol-reference.html,https://www.timtec.net/monastrol-reference.html,monastrol-reference,page,monastrol-reference,146
/chemical-and-analytical-products.html,https://www.timtec.net/chemical-and-analytical-products.html,chemical-and-analytical-products,page,chemical-and-analytical-products,172
/compounds-for-screening.html,https://www.timtec.net/compounds-for-screening.html,compounds-for-screening,page,compounds-for-screening,154
/building-blocks-and-intermediates.html,https://www.timtec.net/building-blocks-and-intermediates.html,building-blocks-and-intermediates,page,building-blocks-and-intermediates,174
/biotinylation-reagents-a-labels.html,https://www.timtec.net/biotinylation-reagents-a-labels.html,biotinylation-reagents-a-labels,page,biotinylation-reagents-a-labels,174
/biotinylation-reagents-a-labels-full-listing.html,https://www.timtec.net/biotinylation-reagents-a-labels-full-listing.html,biotinylation-reagents-a-labels-full-listing,page,biotinylation-reagents-a-labels-full-listing,200
/2-chloro-4-nitro-imidazole.html,https://www.timtec.net/2-chloro-4-nitro-imidazole.html,2-chloro-4-nitro-imidazole,page,2-chloro-4-nitro-imidazole,160
/bam15-st056388.html,https://www.timtec.net/bam15-st056388.html,bam15-st056388,page,bam15-st056388,137
/photogem.html,https://www.timtec.net/photogem.html,photogem,page,photogem,124
/hdm-inhibitor-st057529.html,https://www.timtec.net/hdm-inhibitor-st057529.html,hdm-inhibitor-st057529,page,hdm-inhibitor-st057529,153
/news/new-products/purchase-your-plates-covers-strips-from-timtec.html,https://www.timtec.net/news/new-products/purchase-your-plates-covers-strips-from-timtec.html,purchase-your-plates-covers-strips-from-timtec,post,news/new-products/purchase-your-plates-covers-strips-from-timtec,220
/inhibitor-prt4165.html,https://www.timtec.net/inhibitor-prt4165.html,inhibitor-prt4165,page,inhibitor-prt4165,152
/mitochondrial-membrane-molecules.html,https://www.timtec.net/mitochondrial-membrane-molecules.html,mitochondrial-membrane-molecules,page,mitochondrial-membrane-molecules,172
/services.html,https://www.timtec.net/services.html,services,page,services,124
/sample-handling-weighing-plating-compound-library-management.html,https://www.timtec.net/sample-handling-weighing-plating-compound-library-management.html,sample-handling-weighing-plating-compound-library-management,page,sample-handling-weighing-plating-compound-library-management,233
/compound-management-and-acquisition.html,https://www.timtec.net/compound-management-and-acquisition.html,compound-management-and-acquisition,page,compound-management-and-acquisition,178
/custom-synthesis.html,https://www.timtec.net/custom-synthesis.html,custom-synthesis,page,custom-synthesis,140
/cheminformatics-services.html,https://www.timtec.net/cheminformatics-services.html,cheminformatics-services,page,cheminformatics-services,156
/molecular-diversity-and-similarity-analysis.html,https://www.timtec.net/molecular-diversity-and-similarity-analysis.html,molecular-diversity-and-similarity-analysis,page,molecular-diversity-and-similarity-analysis,194
/category/1.html,https://www.timtec.net/category/1.html,Ched-Demo,category,category/1,60033
/software/hybot/hybot-manual.html,https://www.timtec.net/software/hybot/hybot-manual.html,hybot-manual,page,software/hybot/hybot-manual,147
/about-timtec.html,https://www.timtec.net/about-timtec.html,about-timtec,page,about-timtec,132
/contact-us.html,https://www.timtec.net/contact-us.html,contact-us,page,contact-us,128
/our-customers.html,https://www.timtec.net/our-customers.html,our-customers,page,our-customers,134
/partners.html,https://www.timtec.net/partners.html,partners,page,partners,125
/timtec-network.html,https://www.timtec.net/timtec-network.html,timtec-network,page,timtec-network,136
/grants-and-funding-web-resources.html,https://www.timtec.net/grants-and-funding-web-resources.html,grants-and-funding-web-resources,page,grants-and-funding-web-resources,172
/terms-of-sale.html,https://www.timtec.net/terms-of-sale.html,terms-of-sale,page,terms-of-sale,134
/faqs/general/faqs.html,https://www.timtec.net/faqs/general/faqs.html,faqs,category,faqs/general/faqs,129
/site-map-1.html,https://www.timtec.net/site-map-1.html,Site Map,page,site-map-1,137341
/structure-search.html,https://www.timtec.net/structure-search.html,Structure Search,page,structure-search,26152
/news/blog/httpswwwtimtecorg.html,https://www.timtec.net/news/blog/httpswwwtimtecorg.html,httpswwwtimtecorg,post,news/blog/httpswwwtimtecorg,181
/news/blog/httpswwwncbinlmnihgovpmcarticlespmc9657696.html,https://www.timtec.net/news/blog/httpswwwncbinlmnihgovpmcarticlespmc9657696.html,httpswwwncbinlmnihgovpmcarticlespmc9657696,post,news/blog/httpswwwncbinlmnihgovpmcarticlespmc9657696,259
/news/blog/new-florida-location.html,https://www.timtec.net/news/blog/new-florida-location.html,new-florida-location,post,news/blog/new-florida-location,158
/news/blog/natural-product-library-is-now-composed-of-800-pure-natural-compounds-npl-800.html,https://www.timtec.net/news/blog/natural-product-library-is-now-composed-of-800-pure-natural-compounds-npl-800.html,natural-product-library-is-now-composed-of-800-pure-natural-compounds-npl-800,post,news/blog/natural-product-library-is-now-composed-of-800-pure-natural-compounds-npl-800,273
/news/blog/privileged-structures-mesoionic-aminomorpholines-and-dihydropyridines.html,https://www.timtec.net/news/blog/privileged-structures-mesoionic-aminomorpholines-and-dihydropyridines.html,privileged-structures-mesoionic-aminomorpholines-and-dihydropyridines,post,news/blog/privileged-structures-mesoionic-aminomorpholines-and-dihydropyridines,259
/news/new-products/natural-product-library-is-now-composed-of-800-pure-natural-compounds-npl-800.html,https://www.timtec.net/news/new-products/natural-product-library-is-now-composed-of-800-pure-natural-compounds-npl-800.html,natural-product-library-is-now-composed-of-800-pure-natural-compounds-npl-800,post,news/new-products/natural-product-library-is-now-composed-of-800-pure-natural-compounds-npl-800,281
/news/new-products/ancient-chinese-cures-translate-into-modern-western-medicines.html,https://www.timtec.net/news/new-products/ancient-chinese-cures-translate-into-modern-western-medicines.html,ancient-chinese-cures-translate-into-modern-western-medicines,post,news/new-products/ancient-chinese-cures-translate-into-modern-western-medicines,248
/acticom-collection-of-active-compounds.html,https://www.timtec.net/acticom-collection-of-active-compounds.html,acticom-collection-of-active-compounds,page,acticom-collection-of-active-compounds,184
/acticom-collection-of-active-compounds.html,https://www.timtec.net/acticom-collection-of-active-compounds.html,acticom-collection-of-active-compounds,page,acticom-collection-of-active-compounds,184
/news/new-products/acticom-480-active-compounds-with-known-activities.html,https://www.timtec.net/news/new-products/acticom-480-active-compounds-with-known-activities.html,acticom-480-active-compounds-with-known-activities,post,news/new-products/acticom-480-active-compounds-with-known-activities,227
/news/new-products/inhibitors-of-anthrax-lf-and-activators-of-neutrophils.html,https://www.timtec.net/news/new-products/inhibitors-of-anthrax-lf-and-activators-of-neutrophils.html,inhibitors-of-anthrax-lf-and-activators-of-neutrophils,post,news/new-products/inhibitors-of-anthrax-lf-and-activators-of-neutrophils,234
/lost-password.html,https://www.timtec.net/lost-password.html,Forgot your Password?,page,lost-password,38281
/lost-user-name.html,https://www.timtec.net/lost-user-name.html,Forgot your Username?,page,lost-user-name,38235
/apexscreen-compound-library.html,https://www.timtec.net/apexscreen-compound-library.html,apexscreen-compound-library,page,apexscreen-compound-library,162
/terms-of-sale.html,https://www.timtec.net/terms-of-sale.html,terms-of-sale,page,terms-of-sale,134
/phocadownload.html,https://www.timtec.net/phocadownload.html,"TimTec Compound Libraries for Screening, Chemical Building Blocks",page,phocadownload,38174
/category/1-hts-compounds-for-screening.html,https://www.timtec.net/category/1-hts-compounds-for-screening.html,Download Databases,category,category/1-hts-compounds-for-screening,27038
/category/2-bb-build-blocks.html,https://www.timtec.net/category/2-bb-build-blocks.html,Download Databases,category,category/2-bb-build-blocks,27295
/category/3-library-collections.html,https://www.timtec.net/category/3-library-collections.html,Download Databases,category,category/3-library-collections,26312
/screening-compound-libraries/print.html,https://www.timtec.net/screening-compound-libraries/print.html,Untitled,page,screening-compound-libraries/print,164
/o-glcnac-transferase-inhibitors.html,https://www.timtec.net/o-glcnac-transferase-inhibitors.html,o-glcnac-transferase-inhibitors,page,o-glcnac-transferase-inhibitors,170
/inhibitors-of-anthrax-lf.html,https://www.timtec.net/inhibitors-of-anthrax-lf.html,inhibitors-of-anthrax-lf,page,inhibitors-of-anthrax-lf,156
/news/blog/how-to-select-compound-collections-for-screening.html,https://www.timtec.net/news/blog/how-to-select-compound-collections-for-screening.html,how-to-select-compound-collections-for-screening,post,news/blog/how-to-select-compound-collections-for-screening,214
/targeted/print.html,https://www.timtec.net/targeted/print.html,Untitled,page,targeted/print,143
/actitarg-cns/print.html,https://www.timtec.net/actitarg-cns/print.html,Untitled,page,actitarg-cns/print,186
/gpcr-ligands-actitarg-g-library/print.html,https://www.timtec.net/gpcr-ligands-actitarg-g-library/print.html,Untitled,page,gpcr-ligands-actitarg-g-library/print,172
/actitarg-i-potassium-channel-modulators.html,https://www.timtec.net/actitarg-i-potassium-channel-modulators.html,actitarg-i-potassium-channel-modulators,page,actitarg-i-potassium-channel-modulators,186
/kinase-modulators-actitarg-k-library/print.html,https://www.timtec.net/kinase-modulators-actitarg-k-library/print.html,Untitled,page,kinase-modulators-actitarg-k-library/print,182
/news/timtec-in-publications/research-lead-target-family-oriented-focused-libraries-for-kinases-conceptual-design-aspects.html,https://www.timtec.net/news/timtec-in-publications/research-lead-target-family-oriented-focused-libraries-for-kinases-conceptual-design-aspects.html,research-lead-target-family-oriented-focused-libraries-for-kinases-conceptual-design-aspects,post,news/timtec-in-publications/research-lead-target-family-oriented-focused-libraries-for-kinases-conceptual-design-aspects,321
/protease-inhibitors-actitarg-p-library/print.html,https://www.timtec.net/protease-inhibitors-actitarg-p-library/print.html,Untitled,page,protease-inhibitors-actitarg-p-library/print,186
/serine-proteinase-inhibitors-actitarg-s-library/print.html,https://www.timtec.net/serine-proteinase-inhibitors-actitarg-s-library/print.html,Untitled,page,serine-proteinase-inhibitors-actitarg-s-library/print,204
/actitarg-i-potassium-channel-modulators/print.html,https://www.timtec.net/actitarg-i-potassium-channel-modulators/print.html,Untitled,page,actitarg-i-potassium-channel-modulators/print,186
/actitarg-n-nuclear-receptor-ligands/print.html,https://www.timtec.net/actitarg-n-nuclear-receptor-ligands/print.html,Untitled,page,actitarg-n-nuclear-receptor-ligands/print,179
/hdac-inhibitors-actitarg-h-library/print.html,https://www.timtec.net/hdac-inhibitors-actitarg-h-library/print.html,Untitled,page,hdac-inhibitors-actitarg-h-library/print,178
/acticom-collection-of-active-compounds/print.html,https://www.timtec.net/acticom-collection-of-active-compounds/print.html,Untitled,page,acticom-collection-of-active-compounds/print,184
/activity-aimed-sets/print.html,https://www.timtec.net/activity-aimed-sets/print.html,Untitled,page,activity-aimed-sets/print,146
/anti-inflammatory.html,https://www.timtec.net/anti-inflammatory.html,anti-inflammatory,page,anti-inflammatory,142
/anti-inflammatory/print.html,https://www.timtec.net/anti-inflammatory/print.html,Untitled,page,anti-inflammatory/print,142
/anti-infectives/print.html,https://www.timtec.net/anti-infectives/print.html,Untitled,page,anti-infectives/print,138
/o-glcnac-transferase-inhibitors/print.html,https://www.timtec.net/o-glcnac-transferase-inhibitors/print.html,Untitled,page,o-glcnac-transferase-inhibitors/print,170
/aryl-hydrocarbon-receptor-ahr-ligands-virtual-screen-results/print.html,https://www.timtec.net/aryl-hydrocarbon-receptor-ahr-ligands-virtual-screen-results/print.html,Untitled,page,aryl-hydrocarbon-receptor-ahr-ligands-virtual-screen-results/print,232
/activators-of-neutrophils/print.html,https://www.timtec.net/activators-of-neutrophils/print.html,Untitled,page,activators-of-neutrophils/print,158
/inhibitors-of-anthrax-lf/print.html,https://www.timtec.net/inhibitors-of-anthrax-lf/print.html,Untitled,page,inhibitors-of-anthrax-lf/print,156
/news/timtec-in-publications/potent-tumor-necrosis-factor-alpha-inducers/print.html,https://www.timtec.net/news/timtec-in-publications/potent-tumor-necrosis-factor-alpha-inducers/print.html,Untitled,post,news/timtec-in-publications/potent-tumor-necrosis-factor-alpha-inducers/print,222
/ag-205-pgrmc1-inhibitor/print.html,https://www.timtec.net/ag-205-pgrmc1-inhibitor/print.html,Untitled,page,ag-205-pgrmc1-inhibitor/print,155
/fpss-st50051351/print.html,https://www.timtec.net/fpss-st50051351/print.html,Untitled,page,fpss-st50051351/print,139
/privileged-structures/print.html,https://www.timtec.net/privileged-structures/print.html,Untitled,page,privileged-structures/print,159
/natural-products/print.html,https://www.timtec.net/natural-products/print.html,Untitled,page,natural-products/print,140
/news/timtec-in-publications/timtec-in-natural-product-reports-article.html,https://www.timtec.net/news/timtec-in-publications/timtec-in-natural-product-reports-article.html,timtec-in-natural-product-reports-article,post,news/timtec-in-publications/timtec-in-natural-product-reports-article,218
/gossypol-and-derivatives.html,https://www.timtec.net/gossypol-and-derivatives.html,gossypol-and-derivatives,page,gossypol-and-derivatives,156
/natural-products-in-publications.html,https://www.timtec.net/natural-products-in-publications.html,natural-products-in-publications,page,natural-products-in-publications,172
/fbl-fragment-based-library/print.html,https://www.timtec.net/fbl-fragment-based-library/print.html,Untitled,page,fbl-fragment-based-library/print,162
/template-based-compound-libraries/print.html,https://www.timtec.net/template-based-compound-libraries/print.html,Untitled,page,template-based-compound-libraries/print,174
/diversity-compound-libraries/print.html,https://www.timtec.net/diversity-compound-libraries/print.html,Untitled,page,diversity-compound-libraries/print,164
/actiprobe-series.html,https://www.timtec.net/actiprobe-series.html,actiprobe-series,page,actiprobe-series,140
/actiprobe-series/print.html,https://www.timtec.net/actiprobe-series/print.html,Untitled,page,actiprobe-series/print,140
/actiprobe-2k-screening-starter-kit-library/print.html,https://www.timtec.net/actiprobe-2k-screening-starter-kit-library/print.html,Untitled,page,actiprobe-2k-screening-starter-kit-library/print,194
/actiprobe-10k-library/print.html,https://www.timtec.net/actiprobe-10k-library/print.html,Untitled,page,actiprobe-10k-library/print,150
/actiprobe-25k/print.html,https://www.timtec.net/actiprobe-25k/print.html,Untitled,page,actiprobe-25k/print,134
/actiglobe-50k/print.html,https://www.timtec.net/actiglobe-50k/print.html,Untitled,page,actiglobe-50k/print,134
/apexscreen-compound-library/print.html,https://www.timtec.net/apexscreen-compound-library/print.html,Untitled,page,apexscreen-compound-library/print,162
/bam15-st056388.html,https://www.timtec.net/bam15-st056388.html,bam15-st056388,page,bam15-st056388,137
/diversity-screening-set-10k/print.html,https://www.timtec.net/diversity-screening-set-10k/print.html,Untitled,page,diversity-screening-set-10k/print,162
/myriascreen-diversity-collection/print.html,https://www.timtec.net/myriascreen-diversity-collection/print.html,Untitled,page,myriascreen-diversity-collection/print,154
/natural-compound-library/print.html,https://www.timtec.net/natural-compound-library/print.html,Untitled,page,natural-compound-library/print,156
/hdm-inhibitor-st057529.html,https://www.timtec.net/hdm-inhibitor-st057529.html,hdm-inhibitor-st057529,page,hdm-inhibitor-st057529,153
/flavonoid-derivatives.html,https://www.timtec.net/flavonoid-derivatives.html,flavonoid-derivatives,page,flavonoid-derivatives,150
/plant-extracts.html,https://www.timtec.net/plant-extracts.html,plant-extracts,page,plant-extracts,136
/ndl-3000-natural-derivatives-library/print.html,https://www.timtec.net/ndl-3000-natural-derivatives-library/print.html,Untitled,page,ndl-3000-natural-derivatives-library/print,180
/flavonoid-derivatives/print.html,https://www.timtec.net/flavonoid-derivatives/print.html,Untitled,page,flavonoid-derivatives/print,150
/gossypol-and-derivatives/print.html,https://www.timtec.net/gossypol-and-derivatives/print.html,Untitled,page,gossypol-and-derivatives/print,156
/gossypol-and-derivatives.html,https://www.timtec.net/gossypol-and-derivatives.html,gossypol-and-derivatives,page,gossypol-and-derivatives,156
/gossypol-derivatives/print.html,https://www.timtec.net/gossypol-derivatives/print.html,Untitled,page,gossypol-derivatives/print,148
/gossypol-msds/print.html,https://www.timtec.net/gossypol-msds/print.html,Untitled,page,gossypol-msds/print,134
/gossypol-certificate-of-analysis/print.html,https://www.timtec.net/gossypol-certificate-of-analysis/print.html,Untitled,page,gossypol-certificate-of-analysis/print,172
/plant-extracts/print.html,https://www.timtec.net/plant-extracts/print.html,Untitled,page,plant-extracts/print,136
/natural-compound-library.html,https://www.timtec.net/natural-compound-library.html,natural-compound-library,page,natural-compound-library,156
/ndl-3000-natural-derivatives-library.html,https://www.timtec.net/ndl-3000-natural-derivatives-library.html,ndl-3000-natural-derivatives-library,page,ndl-3000-natural-derivatives-library,180
/plants-in-stock-from-a-to-b/print.html,https://www.timtec.net/plants-in-stock-from-a-to-b/print.html,Untitled,page,plants-in-stock-from-a-to-b/print,162
/plants-in-stock-from-c-to-f/print.html,https://www.timtec.net/plants-in-stock-from-c-to-f/print.html,Untitled,page,plants-in-stock-from-c-to-f/print,162
/plants-in-stock-from-g-to-l/print.html,https://www.timtec.net/plants-in-stock-from-g-to-l/print.html,Untitled,page,plants-in-stock-from-g-to-l/print,162
/plants-in-stock-from-m-to-r/print.html,https://www.timtec.net/plants-in-stock-from-m-to-r/print.html,Untitled,page,plants-in-stock-from-m-to-r/print,162
/plants-in-stock-from-s-to-z/print.html,https://www.timtec.net/plants-in-stock-from-s-to-z/print.html,Untitled,page,plants-in-stock-from-s-to-z/print,162
/natural-products-in-publications/print.html,https://www.timtec.net/natural-products-in-publications/print.html,Untitled,page,natural-products-in-publications/print,172
/featured-natural-compounds/print.html,https://www.timtec.net/featured-natural-compounds/print.html,Untitled,page,featured-natural-compounds/print,160
/genipin/print.html,https://www.timtec.net/genipin/print.html,Untitled,page,genipin/print,122
/monastrol-mitosis-inhibitor/print.html,https://www.timtec.net/monastrol-mitosis-inhibitor/print.html,Untitled,page,monastrol-mitosis-inhibitor/print,164
/monastrol-certificate-of-analysis.html,https://www.timtec.net/monastrol-certificate-of-analysis.html,monastrol-certificate-of-analysis,page,monastrol-certificate-of-analysis,174
/monastrol-certificate-of-analysis/print.html,https://www.timtec.net/monastrol-certificate-of-analysis/print.html,Untitled,page,monastrol-certificate-of-analysis/print,174
/monastrol-msds/print.html,https://www.timtec.net/monastrol-msds/print.html,Untitled,page,monastrol-msds/print,136
/monastrol-reference/print.html,https://www.timtec.net/monastrol-reference/print.html,Untitled,page,monastrol-reference/print,146
/chemical-and-analytical-products/print.html,https://www.timtec.net/chemical-and-analytical-products/print.html,Untitled,page,chemical-and-analytical-products/print,172
/2-chloro-4-nitro-imidazole.html,https://www.timtec.net/2-chloro-4-nitro-imidazole.html,2-chloro-4-nitro-imidazole,page,2-chloro-4-nitro-imidazole,160
/compounds-for-screening/print.html,https://www.timtec.net/compounds-for-screening/print.html,Untitled,page,compounds-for-screening/print,154
/building-blocks-and-intermediates/print.html,https://www.timtec.net/building-blocks-and-intermediates/print.html,Untitled,page,building-blocks-and-intermediates/print,174
/biotinylation-reagents-a-labels/print.html,https://www.timtec.net/biotinylation-reagents-a-labels/print.html,Untitled,page,biotinylation-reagents-a-labels/print,174
/biotinylation-reagents-a-labels-full-listing/print.html,https://www.timtec.net/biotinylation-reagents-a-labels-full-listing/print.html,Untitled,page,biotinylation-reagents-a-labels-full-listing/print,200
/2-chloro-4-nitro-imidazole/print.html,https://www.timtec.net/2-chloro-4-nitro-imidazole/print.html,Untitled,page,2-chloro-4-nitro-imidazole/print,160
/bam15-st056388/print.html,https://www.timtec.net/bam15-st056388/print.html,Untitled,page,bam15-st056388/print,137
/photogem/print.html,https://www.timtec.net/photogem/print.html,Untitled,page,photogem/print,124
/hdm-inhibitor-st057529/print.html,https://www.timtec.net/hdm-inhibitor-st057529/print.html,Untitled,page,hdm-inhibitor-st057529/print,153
/news/new-products/purchase-your-plates-covers-strips-from-timtec/print.html,https://www.timtec.net/news/new-products/purchase-your-plates-covers-strips-from-timtec/print.html,Untitled,post,news/new-products/purchase-your-plates-covers-strips-from-timtec/print,220
/inhibitor-prt4165/print.html,https://www.timtec.net/inhibitor-prt4165/print.html,Untitled,page,inhibitor-prt4165/print,152
/mitochondrial-membrane-molecules/print.html,https://www.timtec.net/mitochondrial-membrane-molecules/print.html,Untitled,page,mitochondrial-membrane-molecules/print,172
/services/print.html,https://www.timtec.net/services/print.html,Untitled,page,services/print,124
/sample-handling-weighing-plating-compound-library-management/print.html,https://www.timtec.net/sample-handling-weighing-plating-compound-library-management/print.html,Untitled,page,sample-handling-weighing-plating-compound-library-management/print,233
/compound-management-and-acquisition/print.html,https://www.timtec.net/compound-management-and-acquisition/print.html,Untitled,page,compound-management-and-acquisition/print,178
/custom-synthesis/print.html,https://www.timtec.net/custom-synthesis/print.html,Untitled,page,custom-synthesis/print,140
/cheminformatics-services/print.html,https://www.timtec.net/cheminformatics-services/print.html,Untitled,page,cheminformatics-services/print,156
/molecular-diversity-and-similarity-analysis/print.html,https://www.timtec.net/molecular-diversity-and-similarity-analysis/print.html,Untitled,page,molecular-diversity-and-similarity-analysis/print,194
/software/chemdbsoft/chemdbsoft-lite.html,https://www.timtec.net/software/chemdbsoft/chemdbsoft-lite.html,chemdbsoft-lite,page,software/chemdbsoft/chemdbsoft-lite,158
/software/chemdbsoft/chemdbsoft-full.html,https://www.timtec.net/software/chemdbsoft/chemdbsoft-full.html,chemdbsoft-full,page,software/chemdbsoft/chemdbsoft-full,158
/1-ched-demo/detail/1-chedt01.html,https://www.timtec.net/1-ched-demo/detail/1-chedt01.html?phocadownload=2&amp;tmpl=component,Untitled,page,1-ched-demo/detail/1-chedt01,35565
/1-ched-demo/detail/2-chedt02.html,https://www.timtec.net/1-ched-demo/detail/2-chedt02.html?phocadownload=2&amp;tmpl=component,Untitled,page,1-ched-demo/detail/2-chedt02,35703
/1-ched-demo/detail/3-chedt03.html,https://www.timtec.net/1-ched-demo/detail/3-chedt03.html?phocadownload=2&amp;tmpl=component,Untitled,page,1-ched-demo/detail/3-chedt03,35810
/1-ched-demo/detail/4-chedt04.html,https://www.timtec.net/1-ched-demo/detail/4-chedt04.html?phocadownload=2&amp;tmpl=component,Untitled,page,1-ched-demo/detail/4-chedt04,36918
/1-ched-demo/detail/5-chedt05.html,https://www.timtec.net/1-ched-demo/detail/5-chedt05.html?phocadownload=2&amp;tmpl=component,Untitled,page,1-ched-demo/detail/5-chedt05,39460
/1-ched-demo/detail/6-chedt06.html,https://www.timtec.net/1-ched-demo/detail/6-chedt06.html?phocadownload=2&amp;tmpl=component,Untitled,page,1-ched-demo/detail/6-chedt06,37777
/1-ched-demo/detail/7-chedt07.html,https://www.timtec.net/1-ched-demo/detail/7-chedt07.html?phocadownload=2&amp;tmpl=component,Untitled,page,1-ched-demo/detail/7-chedt07,33795
/1-ched-demo/detail/8-chedt08.html,https://www.timtec.net/1-ched-demo/detail/8-chedt08.html?phocadownload=2&amp;tmpl=component,Untitled,page,1-ched-demo/detail/8-chedt08,34840
/1-ched-demo/detail/9-chedt09.html,https://www.timtec.net/1-ched-demo/detail/9-chedt09.html?phocadownload=2&amp;tmpl=component,Untitled,page,1-ched-demo/detail/9-chedt09,34732
/1-ched-demo/detail/10-chedt10.html,https://www.timtec.net/1-ched-demo/detail/10-chedt10.html?phocadownload=2&amp;tmpl=component,Untitled,page,1-ched-demo/detail/10-chedt10,36618
/1-ched-demo/detail/11-chedt11.html,https://www.timtec.net/1-ched-demo/detail/11-chedt11.html?phocadownload=2&amp;tmpl=component,Untitled,page,1-ched-demo/detail/11-chedt11,32189
/1-ched-demo/detail/12-chedt12.html,https://www.timtec.net/1-ched-demo/detail/12-chedt12.html?phocadownload=2&amp;tmpl=component,Untitled,page,1-ched-demo/detail/12-chedt12,42502
/1-ched-demo/detail/13-chedt13.html,https://www.timtec.net/1-ched-demo/detail/13-chedt13.html?phocadownload=2&amp;tmpl=component,Untitled,page,1-ched-demo/detail/13-chedt13,42348
/1-ched-demo/detail/14-chedt14.html,https://www.timtec.net/1-ched-demo/detail/14-chedt14.html?phocadownload=2&amp;tmpl=component,Untitled,page,1-ched-demo/detail/14-chedt14,40248
/1-ched-demo/detail/15-chedt15.html,https://www.timtec.net/1-ched-demo/detail/15-chedt15.html?phocadownload=2&amp;tmpl=component,Untitled,page,1-ched-demo/detail/15-chedt15,32258
/1-ched-demo/detail/16-chedt16.html,https://www.timtec.net/1-ched-demo/detail/16-chedt16.html?phocadownload=2&amp;tmpl=component,Untitled,page,1-ched-demo/detail/16-chedt16,39706
/1-ched-demo/detail/17-chedt17.html,https://www.timtec.net/1-ched-demo/detail/17-chedt17.html?phocadownload=2&amp;tmpl=component,Untitled,page,1-ched-demo/detail/17-chedt17,43450
/1-ched-demo/detail/18-chedt18.html,https://www.timtec.net/1-ched-demo/detail/18-chedt18.html?phocadownload=2&amp;tmpl=component,Untitled,page,1-ched-demo/detail/18-chedt18,37252
/1-ched-demo/detail/19-chedt19.html,https://www.timtec.net/1-ched-demo/detail/19-chedt19.html?phocadownload=2&amp;tmpl=component,Untitled,page,1-ched-demo/detail/19-chedt19,37153
/software/chemdbsoft/structure-editor.html,https://www.timtec.net/software/chemdbsoft/structure-editor.html,structure-editor,page,software/chemdbsoft/structure-editor,160
/software/chemdbsoft/nmr-mass-and-ir-spectra-processing.html,https://www.timtec.net/software/chemdbsoft/nmr-mass-and-ir-spectra-processing.html,nmr-mass-and-ir-spectra-processing,page,software/chemdbsoft/nmr-mass-and-ir-spectra-processing,198
/software/chemdbsoft/diversity-and-similarity-analysis.html,https://www.timtec.net/software/chemdbsoft/diversity-and-similarity-analysis.html,diversity-and-similarity-analysis,page,software/chemdbsoft/diversity-and-similarity-analysis,194
/software/chemdbsoft/routines-for-synthesis-planning.html,https://www.timtec.net/software/chemdbsoft/routines-for-synthesis-planning.html,routines-for-synthesis-planning,page,software/chemdbsoft/routines-for-synthesis-planning,190
/software/chemdbsoft/structure-processing.html,https://www.timtec.net/software/chemdbsoft/structure-processing.html,structure-processing,page,software/chemdbsoft/structure-processing,168
/software/chemdbsoft/tautomer-search.html,https://www.timtec.net/software/chemdbsoft/tautomer-search.html,tautomer-search,page,software/chemdbsoft/tautomer-search,158
/software/chemdbsoft/additional-modules.html,https://www.timtec.net/software/chemdbsoft/additional-modules.html,additional-modules,page,software/chemdbsoft/additional-modules,164
/software/chemdbsoft/advanced-structure-search.html,https://www.timtec.net/software/chemdbsoft/advanced-structure-search.html,advanced-structure-search,page,software/chemdbsoft/advanced-structure-search,178
/software/chemdbsoft/chemical-glossary.html,https://www.timtec.net/software/chemdbsoft/chemical-glossary.html,chemical-glossary,page,software/chemdbsoft/chemical-glossary,162
/software/chemdbsoft/presentation-graphics.html,https://www.timtec.net/software/chemdbsoft/presentation-graphics.html,presentation-graphics,page,software/chemdbsoft/presentation-graphics,170
/software/chemdbsoft/chemdbsoft-search-faq.html,https://www.timtec.net/software/chemdbsoft/chemdbsoft-search-faq.html,chemdbsoft-search-faq,page,software/chemdbsoft/chemdbsoft-search-faq,170
/software/slipper-logp-logd-logsw-fa/slipper-prediction-of-logp-logd-logsw-fa.html,https://www.timtec.net/software/slipper-logp-logd-logsw-fa/slipper-prediction-of-logp-logd-logsw-fa.html,slipper-prediction-of-logp-logd-logsw-fa,page,software/slipper-logp-logd-logsw-fa/slipper-prediction-of-logp-logd-logsw-fa,228
/software/slipper-logp-logd-logsw-fa/calculation-method.html,https://www.timtec.net/software/slipper-logp-logd-logsw-fa/calculation-method.html,calculation-method,page,software/slipper-logp-logd-logsw-fa/calculation-method,180
/software/slipper-logp-logd-logsw-fa/prediction-for-a-single-compound.html,https://www.timtec.net/software/slipper-logp-logd-logsw-fa/prediction-for-a-single-compound.html,prediction-for-a-single-compound,page,software/slipper-logp-logd-logsw-fa/prediction-for-a-single-compound,208
/software/slipper-logp-logd-logsw-fa/prediction-from-an-sdf-file.html,https://www.timtec.net/software/slipper-logp-logd-logsw-fa/prediction-from-an-sdf-file.html,prediction-from-an-sdf-file,page,software/slipper-logp-logd-logsw-fa/prediction-from-an-sdf-file,198
/software/slipper-logp-logd-logsw-fa/prediction-for-a-database.html,https://www.timtec.net/software/slipper-logp-logd-logsw-fa/prediction-for-a-database.html,prediction-for-a-database,page,software/slipper-logp-logd-logsw-fa/prediction-for-a-database,194
/software/slipper-logp-logd-logsw-fa/references.html,https://www.timtec.net/software/slipper-logp-logd-logsw-fa/references.html,references,page,software/slipper-logp-logd-logsw-fa/references,164
/software/hybot/hybot-manual/print.html,https://www.timtec.net/software/hybot/hybot-manual/print.html,Untitled,page,software/hybot/hybot-manual/print,147
/about-timtec/print.html,https://www.timtec.net/about-timtec/print.html,Untitled,page,about-timtec/print,132
/template-based-compound-libraries.html,https://www.timtec.net/template-based-compound-libraries.html,template-based-compound-libraries,page,template-based-compound-libraries,174
/contact-us/print.html,https://www.timtec.net/contact-us/print.html,Untitled,page,contact-us/print,128
/our-customers/print.html,https://www.timtec.net/our-customers/print.html,Untitled,page,our-customers/print,134
/partners/print.html,https://www.timtec.net/partners/print.html,Untitled,page,partners/print,125
/timtec-network/print.html,https://www.timtec.net/timtec-network/print.html,Untitled,page,timtec-network/print,136
/grants-and-funding-web-resources/print.html,https://www.timtec.net/grants-and-funding-web-resources/print.html,Untitled,page,grants-and-funding-web-resources/print,172
/terms-of-sale/print.html,https://www.timtec.net/terms-of-sale/print.html,Untitled,page,terms-of-sale/print,134
/faqs/general/faqs/print.html,https://www.timtec.net/faqs/general/faqs/print.html,Untitled,category,faqs/general/faqs/print,129
/faqs/general,https://www.timtec.net/faqs/general/,general,category,faqs/general,39555
/index.php/home/chemical-compounds/news/news/home/download-databases.html,https://www.timtec.net/index.php/home/chemical-compounds/news/news/home/download-databases.html,Download Databases,post,index.php/home/chemical-compounds/news/news/home/download-databases,31563
/index.php/home/chemical-compounds/news/news/user/register.html,https://www.timtec.net/index.php/home/chemical-compounds/news/news/user/register.html,User Registration,post,index.php/home/chemical-compounds/news/news/user/register,83647
/index.php/home/chemical-compounds/news/news/screening-compound-libraries.html,https://www.timtec.net/index.php/home/chemical-compounds/news/news/screening-compound-libraries.html,screening-compound-libraries,post,index.php/home/chemical-compounds/news/news/screening-compound-libraries,208
/index.php/home/chemical-compounds/news/news/targeted.html,https://www.timtec.net/index.php/home/chemical-compounds/news/news/targeted.html,targeted,post,index.php/home/chemical-compounds/news/news/targeted,187
