source,target,http_code,notes
/,/,301,TimTec Compound Libraries for Screening and Chemical Building Blocks
/home/download-databases.html,/home/download-databases/,301,Database Access
/user/register.html,/user/register/,301,Untitled
/screening-compound-libraries.html,/screening-compound-libraries/,301,screening-compound-libraries
/targeted.html,/targeted/,301,targeted
/actitarg-cns.html,/actitarg-cns/,301,actitarg-cns
/gpcr-ligands-actitarg-g-library.html,/gpcr-ligands-actitarg-g-library/,301,gpcr-ligands-actitarg-g-library
/kinase-modulators-actitarg-k-library.html,/kinase-modulators-actitarg-k-library/,301,kinase-modulators-actitarg-k-library
/protease-inhibitors-actitarg-p-library.html,/protease-inhibitors-actitarg-p-library/,301,protease-inhibitors-actitarg-p-library
/serine-proteinase-inhibitors-actitarg-s-library.html,/serine-proteinase-inhibitors-actitarg-s-library/,301,serine-proteinase-inhibitors-actitarg-s-library
/actitarg-i-potassium-channel-modulators.html,/actitarg-i-potassium-channel-modulators/,301,actitarg-i-potassium-channel-modulators
/actitarg-n-nuclear-receptor-ligands.html,/actitarg-n-nuclear-receptor-ligands/,301,actitarg-n-nuclear-receptor-ligands
/hdac-inhibitors-actitarg-h-library.html,/hdac-inhibitors-actitarg-h-library/,301,hdac-inhibitors-actitarg-h-library
/acticom-collection-of-active-compounds.html,/acticom-collection-of-active-compounds/,301,acticom-collection-of-active-compounds
/activity-aimed-sets.html,/activity-aimed-sets/,301,activity-aimed-sets
/anti-inflammatory.html,/anti-inflammatory/,301,anti-inflammatory
/anti-infectives.html,/anti-infectives/,301,anti-infectives
/o-glcnac-transferase-inhibitors.html,/o-glcnac-transferase-inhibitors/,301,o-glcnac-transferase-inhibitors
/aryl-hydrocarbon-receptor-ahr-ligands-virtual-screen-results.html,/aryl-hydrocarbon-receptor-ahr-ligands-virtual-screen-results/,301,aryl-hydrocarbon-receptor-ahr-ligands-virtual-screen-results
/activators-of-neutrophils.html,/activators-of-neutrophils/,301,activators-of-neutrophils
/inhibitors-of-anthrax-lf.html,/inhibitors-of-anthrax-lf/,301,inhibitors-of-anthrax-lf
/news/timtec-in-publications/potent-tumor-necrosis-factor-alpha-inducers.html,/news/timtec-in-publications/potent-tumor-necrosis-factor-alpha-inducers/,301,potent-tumor-necrosis-factor-alpha-inducers
/ag-205-pgrmc1-inhibitor.html,/ag-205-pgrmc1-inhibitor/,301,ag-205-pgrmc1-inhibitor
/fpss-st50051351.html,/fpss-st50051351/,301,fpss-st50051351
/privileged-structures.html,/privileged-structures/,301,privileged-structures
/natural-products.html,/natural-products/,301,natural-products
/fbl-fragment-based-library.html,/fbl-fragment-based-library/,301,fbl-fragment-based-library
/template-based-compound-libraries.html,/template-based-compound-libraries/,301,template-based-compound-libraries
/diversity-compound-libraries.html,/diversity-compound-libraries/,301,diversity-compound-libraries
/actiprobe-series.html,/actiprobe-series/,301,actiprobe-series
/actiprobe-2k-screening-starter-kit-library.html,/actiprobe-2k-screening-starter-kit-library/,301,actiprobe-2k-screening-starter-kit-library
/actiprobe-10k-library.html,/actiprobe-10k-library/,301,actiprobe-10k-library
/actiprobe-25k.html,/actiprobe-25k/,301,actiprobe-25k
/actiglobe-50k.html,/actiglobe-50k/,301,actiglobe-50k
/apexscreen-compound-library.html,/apexscreen-compound-library/,301,apexscreen-compound-library
/diversity-screening-set-10k.html,/diversity-screening-set-10k/,301,diversity-screening-set-10k
/myriascreen-diversity-collection.html,/myriascreen-diversity-collection/,301,myriascreen-diversity-collection
/natural-compound-library.html,/natural-compound-library/,301,natural-compound-library
/ndl-3000-natural-derivatives-library.html,/ndl-3000-natural-derivatives-library/,301,ndl-3000-natural-derivatives-library
/flavonoid-derivatives.html,/flavonoid-derivatives/,301,flavonoid-derivatives
/gossypol-and-derivatives.html,/gossypol-and-derivatives/,301,gossypol-and-derivatives
/gossypol-derivatives.html,/gossypol-derivatives/,301,gossypol-derivatives
/gossypol-msds.html,/gossypol-msds/,301,gossypol-msds
/gossypol-certificate-of-analysis.html,/gossypol-certificate-of-analysis/,301,gossypol-certificate-of-analysis
/plant-extracts.html,/plant-extracts/,301,plant-extracts
/plants-in-stock-from-a-to-b.html,/plants-in-stock-from-a-to-b/,301,plants-in-stock-from-a-to-b
/plants-in-stock-from-c-to-f.html,/plants-in-stock-from-c-to-f/,301,plants-in-stock-from-c-to-f
/plants-in-stock-from-g-to-l.html,/plants-in-stock-from-g-to-l/,301,plants-in-stock-from-g-to-l
/plants-in-stock-from-m-to-r.html,/plants-in-stock-from-m-to-r/,301,plants-in-stock-from-m-to-r
/plants-in-stock-from-s-to-z.html,/plants-in-stock-from-s-to-z/,301,plants-in-stock-from-s-to-z
/natural-products-in-publications.html,/natural-products-in-publications/,301,natural-products-in-publications
/featured-natural-compounds.html,/featured-natural-compounds/,301,featured-natural-compounds
/genipin.html,/genipin/,301,genipin
/monastrol-mitosis-inhibitor.html,/monastrol-mitosis-inhibitor/,301,monastrol-mitosis-inhibitor
/monastrol-certificate-of-analysis.html,/monastrol-certificate-of-analysis/,301,monastrol-certificate-of-analysis
/monastrol-msds.html,/monastrol-msds/,301,monastrol-msds
/monastrol-reference.html,/monastrol-reference/,301,monastrol-reference
/chemical-and-analytical-products.html,/chemical-and-analytical-products/,301,chemical-and-analytical-products
/compounds-for-screening.html,/compounds-for-screening/,301,compounds-for-screening
/building-blocks-and-intermediates.html,/building-blocks-and-intermediates/,301,building-blocks-and-intermediates
/biotinylation-reagents-a-labels.html,/biotinylation-reagents-a-labels/,301,biotinylation-reagents-a-labels
/biotinylation-reagents-a-labels-full-listing.html,/biotinylation-reagents-a-labels-full-listing/,301,biotinylation-reagents-a-labels-full-listing
/2-chloro-4-nitro-imidazole.html,/2-chloro-4-nitro-imidazole/,301,2-chloro-4-nitro-imidazole
/bam15-st056388.html,/bam15-st056388/,301,bam15-st056388
/photogem.html,/photogem/,301,photogem
/hdm-inhibitor-st057529.html,/hdm-inhibitor-st057529/,301,hdm-inhibitor-st057529
/news/new-products/purchase-your-plates-covers-strips-from-timtec.html,/news/new-products/purchase-your-plates-covers-strips-from-timtec/,301,purchase-your-plates-covers-strips-from-timtec
/inhibitor-prt4165.html,/inhibitor-prt4165/,301,inhibitor-prt4165
/mitochondrial-membrane-molecules.html,/mitochondrial-membrane-molecules/,301,mitochondrial-membrane-molecules
/services.html,/services/,301,services
/sample-handling-weighing-plating-compound-library-management.html,/sample-handling-weighing-plating-compound-library-management/,301,sample-handling-weighing-plating-compound-library-management
/compound-management-and-acquisition.html,/compound-management-and-acquisition/,301,compound-management-and-acquisition
/custom-synthesis.html,/custom-synthesis/,301,custom-synthesis
/cheminformatics-services.html,/cheminformatics-services/,301,cheminformatics-services
/molecular-diversity-and-similarity-analysis.html,/molecular-diversity-and-similarity-analysis/,301,molecular-diversity-and-similarity-analysis
/category/1.html,/category/1/,301,Ched-Demo
/software/hybot/hybot-manual.html,/software/hybot/hybot-manual/,301,hybot-manual
/about-timtec.html,/about-timtec/,301,about-timtec
/contact-us.html,/contact-us/,301,contact-us
/our-customers.html,/our-customers/,301,our-customers
/partners.html,/partners/,301,partners
/timtec-network.html,/timtec-network/,301,timtec-network
/grants-and-funding-web-resources.html,/grants-and-funding-web-resources/,301,grants-and-funding-web-resources
/terms-of-sale.html,/terms-of-sale/,301,terms-of-sale
/faqs/general/faqs.html,/faqs/general/faqs/,301,faqs
/site-map-1.html,/site-map-1/,301,Site Map
/structure-search.html,/structure-search/,301,Structure Search
/news/blog/httpswwwtimtecorg.html,/news/blog/httpswwwtimtecorg/,301,httpswwwtimtecorg
/news/blog/httpswwwncbinlmnihgovpmcarticlespmc9657696.html,/news/blog/httpswwwncbinlmnihgovpmcarticlespmc9657696/,301,httpswwwncbinlmnihgovpmcarticlespmc9657696
/news/blog/new-florida-location.html,/news/blog/new-florida-location/,301,new-florida-location
/news/blog/natural-product-library-is-now-composed-of-800-pure-natural-compounds-npl-800.html,/news/blog/natural-product-library-is-now-composed-of-800-pure-natural-compounds-npl-800/,301,natural-product-library-is-now-composed-of-800-pure-natural-compounds-npl-800
/news/blog/privileged-structures-mesoionic-aminomorpholines-and-dihydropyridines.html,/news/blog/privileged-structures-mesoionic-aminomorpholines-and-dihydropyridines/,301,privileged-structures-mesoionic-aminomorpholines-and-dihydropyridines
/news/new-products/natural-product-library-is-now-composed-of-800-pure-natural-compounds-npl-800.html,/news/new-products/natural-product-library-is-now-composed-of-800-pure-natural-compounds-npl-800/,301,natural-product-library-is-now-composed-of-800-pure-natural-compounds-npl-800
/news/new-products/ancient-chinese-cures-translate-into-modern-western-medicines.html,/news/new-products/ancient-chinese-cures-translate-into-modern-western-medicines/,301,ancient-chinese-cures-translate-into-modern-western-medicines
/acticom-collection-of-active-compounds.html,/acticom-collection-of-active-compounds/,301,acticom-collection-of-active-compounds
/acticom-collection-of-active-compounds.html,/acticom-collection-of-active-compounds/,301,acticom-collection-of-active-compounds
/news/new-products/acticom-480-active-compounds-with-known-activities.html,/news/new-products/acticom-480-active-compounds-with-known-activities/,301,acticom-480-active-compounds-with-known-activities
/news/new-products/inhibitors-of-anthrax-lf-and-activators-of-neutrophils.html,/news/new-products/inhibitors-of-anthrax-lf-and-activators-of-neutrophils/,301,inhibitors-of-anthrax-lf-and-activators-of-neutrophils
/lost-password.html,/lost-password/,301,Forgot your Password?
/lost-user-name.html,/lost-user-name/,301,Forgot your Username?
/apexscreen-compound-library.html,/apexscreen-compound-library/,301,apexscreen-compound-library
/terms-of-sale.html,/terms-of-sale/,301,terms-of-sale
/phocadownload.html,/phocadownload/,301,"TimTec Compound Libraries for Screening, Chemical Building Blocks"
/category/1-hts-compounds-for-screening.html,/category/1-hts-compounds-for-screening/,301,Download Databases
/category/2-bb-build-blocks.html,/category/2-bb-build-blocks/,301,Download Databases
/category/3-library-collections.html,/category/3-library-collections/,301,Download Databases
/screening-compound-libraries/print.html,/screening-compound-libraries/print/,301,Untitled
/o-glcnac-transferase-inhibitors.html,/o-glcnac-transferase-inhibitors/,301,o-glcnac-transferase-inhibitors
/inhibitors-of-anthrax-lf.html,/inhibitors-of-anthrax-lf/,301,inhibitors-of-anthrax-lf
/news/blog/how-to-select-compound-collections-for-screening.html,/news/blog/how-to-select-compound-collections-for-screening/,301,how-to-select-compound-collections-for-screening
/targeted/print.html,/targeted/print/,301,Untitled
/actitarg-cns/print.html,/actitarg-cns/print/,301,Untitled
/gpcr-ligands-actitarg-g-library/print.html,/gpcr-ligands-actitarg-g-library/print/,301,Untitled
/actitarg-i-potassium-channel-modulators.html,/actitarg-i-potassium-channel-modulators/,301,actitarg-i-potassium-channel-modulators
/kinase-modulators-actitarg-k-library/print.html,/kinase-modulators-actitarg-k-library/print/,301,Untitled
/news/timtec-in-publications/research-lead-target-family-oriented-focused-libraries-for-kinases-conceptual-design-aspects.html,/news/timtec-in-publications/research-lead-target-family-oriented-focused-libraries-for-kinases-conceptual-design-aspects/,301,research-lead-target-family-oriented-focused-libraries-for-kinases-conceptual-design-aspects
/protease-inhibitors-actitarg-p-library/print.html,/protease-inhibitors-actitarg-p-library/print/,301,Untitled
/serine-proteinase-inhibitors-actitarg-s-library/print.html,/serine-proteinase-inhibitors-actitarg-s-library/print/,301,Untitled
/actitarg-i-potassium-channel-modulators/print.html,/actitarg-i-potassium-channel-modulators/print/,301,Untitled
/actitarg-n-nuclear-receptor-ligands/print.html,/actitarg-n-nuclear-receptor-ligands/print/,301,Untitled
/hdac-inhibitors-actitarg-h-library/print.html,/hdac-inhibitors-actitarg-h-library/print/,301,Untitled
/acticom-collection-of-active-compounds/print.html,/acticom-collection-of-active-compounds/print/,301,Untitled
/activity-aimed-sets/print.html,/activity-aimed-sets/print/,301,Untitled
/anti-inflammatory.html,/anti-inflammatory/,301,anti-inflammatory
/anti-inflammatory/print.html,/anti-inflammatory/print/,301,Untitled
/anti-infectives/print.html,/anti-infectives/print/,301,Untitled
/o-glcnac-transferase-inhibitors/print.html,/o-glcnac-transferase-inhibitors/print/,301,Untitled
/aryl-hydrocarbon-receptor-ahr-ligands-virtual-screen-results/print.html,/aryl-hydrocarbon-receptor-ahr-ligands-virtual-screen-results/print/,301,Untitled
/activators-of-neutrophils/print.html,/activators-of-neutrophils/print/,301,Untitled
/inhibitors-of-anthrax-lf/print.html,/inhibitors-of-anthrax-lf/print/,301,Untitled
/news/timtec-in-publications/potent-tumor-necrosis-factor-alpha-inducers/print.html,/news/timtec-in-publications/potent-tumor-necrosis-factor-alpha-inducers/print/,301,Untitled
/ag-205-pgrmc1-inhibitor/print.html,/ag-205-pgrmc1-inhibitor/print/,301,Untitled
/fpss-st50051351/print.html,/fpss-st50051351/print/,301,Untitled
/privileged-structures/print.html,/privileged-structures/print/,301,Untitled
/natural-products/print.html,/natural-products/print/,301,Untitled
/news/timtec-in-publications/timtec-in-natural-product-reports-article.html,/news/timtec-in-publications/timtec-in-natural-product-reports-article/,301,timtec-in-natural-product-reports-article
/gossypol-and-derivatives.html,/gossypol-and-derivatives/,301,gossypol-and-derivatives
/natural-products-in-publications.html,/natural-products-in-publications/,301,natural-products-in-publications
/fbl-fragment-based-library/print.html,/fbl-fragment-based-library/print/,301,Untitled
/template-based-compound-libraries/print.html,/template-based-compound-libraries/print/,301,Untitled
/diversity-compound-libraries/print.html,/diversity-compound-libraries/print/,301,Untitled
/actiprobe-series.html,/actiprobe-series/,301,actiprobe-series
/actiprobe-series/print.html,/actiprobe-series/print/,301,Untitled
/actiprobe-2k-screening-starter-kit-library/print.html,/actiprobe-2k-screening-starter-kit-library/print/,301,Untitled
/actiprobe-10k-library/print.html,/actiprobe-10k-library/print/,301,Untitled
/actiprobe-25k/print.html,/actiprobe-25k/print/,301,Untitled
/actiglobe-50k/print.html,/actiglobe-50k/print/,301,Untitled
/apexscreen-compound-library/print.html,/apexscreen-compound-library/print/,301,Untitled
/bam15-st056388.html,/bam15-st056388/,301,bam15-st056388
/diversity-screening-set-10k/print.html,/diversity-screening-set-10k/print/,301,Untitled
/myriascreen-diversity-collection/print.html,/myriascreen-diversity-collection/print/,301,Untitled
/natural-compound-library/print.html,/natural-compound-library/print/,301,Untitled
/hdm-inhibitor-st057529.html,/hdm-inhibitor-st057529/,301,hdm-inhibitor-st057529
/flavonoid-derivatives.html,/flavonoid-derivatives/,301,flavonoid-derivatives
/plant-extracts.html,/plant-extracts/,301,plant-extracts
/ndl-3000-natural-derivatives-library/print.html,/ndl-3000-natural-derivatives-library/print/,301,Untitled
/flavonoid-derivatives/print.html,/flavonoid-derivatives/print/,301,Untitled
/gossypol-and-derivatives/print.html,/gossypol-and-derivatives/print/,301,Untitled
/gossypol-and-derivatives.html,/gossypol-and-derivatives/,301,gossypol-and-derivatives
/gossypol-derivatives/print.html,/gossypol-derivatives/print/,301,Untitled
/gossypol-msds/print.html,/gossypol-msds/print/,301,Untitled
/gossypol-certificate-of-analysis/print.html,/gossypol-certificate-of-analysis/print/,301,Untitled
/plant-extracts/print.html,/plant-extracts/print/,301,Untitled
/natural-compound-library.html,/natural-compound-library/,301,natural-compound-library
/ndl-3000-natural-derivatives-library.html,/ndl-3000-natural-derivatives-library/,301,ndl-3000-natural-derivatives-library
/plants-in-stock-from-a-to-b/print.html,/plants-in-stock-from-a-to-b/print/,301,Untitled
/plants-in-stock-from-c-to-f/print.html,/plants-in-stock-from-c-to-f/print/,301,Untitled
/plants-in-stock-from-g-to-l/print.html,/plants-in-stock-from-g-to-l/print/,301,Untitled
/plants-in-stock-from-m-to-r/print.html,/plants-in-stock-from-m-to-r/print/,301,Untitled
/plants-in-stock-from-s-to-z/print.html,/plants-in-stock-from-s-to-z/print/,301,Untitled
/natural-products-in-publications/print.html,/natural-products-in-publications/print/,301,Untitled
/featured-natural-compounds/print.html,/featured-natural-compounds/print/,301,Untitled
/genipin/print.html,/genipin/print/,301,Untitled
/monastrol-mitosis-inhibitor/print.html,/monastrol-mitosis-inhibitor/print/,301,Untitled
/monastrol-certificate-of-analysis.html,/monastrol-certificate-of-analysis/,301,monastrol-certificate-of-analysis
/monastrol-certificate-of-analysis/print.html,/monastrol-certificate-of-analysis/print/,301,Untitled
/monastrol-msds/print.html,/monastrol-msds/print/,301,Untitled
/monastrol-reference/print.html,/monastrol-reference/print/,301,Untitled
/chemical-and-analytical-products/print.html,/chemical-and-analytical-products/print/,301,Untitled
/2-chloro-4-nitro-imidazole.html,/2-chloro-4-nitro-imidazole/,301,2-chloro-4-nitro-imidazole
/compounds-for-screening/print.html,/compounds-for-screening/print/,301,Untitled
/building-blocks-and-intermediates/print.html,/building-blocks-and-intermediates/print/,301,Untitled
/biotinylation-reagents-a-labels/print.html,/biotinylation-reagents-a-labels/print/,301,Untitled
/biotinylation-reagents-a-labels-full-listing/print.html,/biotinylation-reagents-a-labels-full-listing/print/,301,Untitled
/2-chloro-4-nitro-imidazole/print.html,/2-chloro-4-nitro-imidazole/print/,301,Untitled
/bam15-st056388/print.html,/bam15-st056388/print/,301,Untitled
/photogem/print.html,/photogem/print/,301,Untitled
/hdm-inhibitor-st057529/print.html,/hdm-inhibitor-st057529/print/,301,Untitled
/news/new-products/purchase-your-plates-covers-strips-from-timtec/print.html,/news/new-products/purchase-your-plates-covers-strips-from-timtec/print/,301,Untitled
/inhibitor-prt4165/print.html,/inhibitor-prt4165/print/,301,Untitled
/mitochondrial-membrane-molecules/print.html,/mitochondrial-membrane-molecules/print/,301,Untitled
/services/print.html,/services/print/,301,Untitled
/sample-handling-weighing-plating-compound-library-management/print.html,/sample-handling-weighing-plating-compound-library-management/print/,301,Untitled
/compound-management-and-acquisition/print.html,/compound-management-and-acquisition/print/,301,Untitled
/custom-synthesis/print.html,/custom-synthesis/print/,301,Untitled
/cheminformatics-services/print.html,/cheminformatics-services/print/,301,Untitled
/molecular-diversity-and-similarity-analysis/print.html,/molecular-diversity-and-similarity-analysis/print/,301,Untitled
/software/chemdbsoft/chemdbsoft-lite.html,/software/chemdbsoft/chemdbsoft-lite/,301,chemdbsoft-lite
/software/chemdbsoft/chemdbsoft-full.html,/software/chemdbsoft/chemdbsoft-full/,301,chemdbsoft-full
/1-ched-demo/detail/1-chedt01.html,/1-ched-demo/detail/1-chedt01/,301,Untitled
/1-ched-demo/detail/2-chedt02.html,/1-ched-demo/detail/2-chedt02/,301,Untitled
/1-ched-demo/detail/3-chedt03.html,/1-ched-demo/detail/3-chedt03/,301,Untitled
/1-ched-demo/detail/4-chedt04.html,/1-ched-demo/detail/4-chedt04/,301,Untitled
/1-ched-demo/detail/5-chedt05.html,/1-ched-demo/detail/5-chedt05/,301,Untitled
/1-ched-demo/detail/6-chedt06.html,/1-ched-demo/detail/6-chedt06/,301,Untitled
/1-ched-demo/detail/7-chedt07.html,/1-ched-demo/detail/7-chedt07/,301,Untitled
/1-ched-demo/detail/8-chedt08.html,/1-ched-demo/detail/8-chedt08/,301,Untitled
/1-ched-demo/detail/9-chedt09.html,/1-ched-demo/detail/9-chedt09/,301,Untitled
/1-ched-demo/detail/10-chedt10.html,/1-ched-demo/detail/10-chedt10/,301,Untitled
/1-ched-demo/detail/11-chedt11.html,/1-ched-demo/detail/11-chedt11/,301,Untitled
/1-ched-demo/detail/12-chedt12.html,/1-ched-demo/detail/12-chedt12/,301,Untitled
/1-ched-demo/detail/13-chedt13.html,/1-ched-demo/detail/13-chedt13/,301,Untitled
/1-ched-demo/detail/14-chedt14.html,/1-ched-demo/detail/14-chedt14/,301,Untitled
/1-ched-demo/detail/15-chedt15.html,/1-ched-demo/detail/15-chedt15/,301,Untitled
/1-ched-demo/detail/16-chedt16.html,/1-ched-demo/detail/16-chedt16/,301,Untitled
/1-ched-demo/detail/17-chedt17.html,/1-ched-demo/detail/17-chedt17/,301,Untitled
/1-ched-demo/detail/18-chedt18.html,/1-ched-demo/detail/18-chedt18/,301,Untitled
/1-ched-demo/detail/19-chedt19.html,/1-ched-demo/detail/19-chedt19/,301,Untitled
/software/chemdbsoft/structure-editor.html,/software/chemdbsoft/structure-editor/,301,structure-editor
/software/chemdbsoft/nmr-mass-and-ir-spectra-processing.html,/software/chemdbsoft/nmr-mass-and-ir-spectra-processing/,301,nmr-mass-and-ir-spectra-processing
/software/chemdbsoft/diversity-and-similarity-analysis.html,/software/chemdbsoft/diversity-and-similarity-analysis/,301,diversity-and-similarity-analysis
/software/chemdbsoft/routines-for-synthesis-planning.html,/software/chemdbsoft/routines-for-synthesis-planning/,301,routines-for-synthesis-planning
/software/chemdbsoft/structure-processing.html,/software/chemdbsoft/structure-processing/,301,structure-processing
/software/chemdbsoft/tautomer-search.html,/software/chemdbsoft/tautomer-search/,301,tautomer-search
/software/chemdbsoft/additional-modules.html,/software/chemdbsoft/additional-modules/,301,additional-modules
/software/chemdbsoft/advanced-structure-search.html,/software/chemdbsoft/advanced-structure-search/,301,advanced-structure-search
/software/chemdbsoft/chemical-glossary.html,/software/chemdbsoft/chemical-glossary/,301,chemical-glossary
/software/chemdbsoft/presentation-graphics.html,/software/chemdbsoft/presentation-graphics/,301,presentation-graphics
/software/chemdbsoft/chemdbsoft-search-faq.html,/software/chemdbsoft/chemdbsoft-search-faq/,301,chemdbsoft-search-faq
/software/slipper-logp-logd-logsw-fa/slipper-prediction-of-logp-logd-logsw-fa.html,/software/slipper-logp-logd-logsw-fa/slipper-prediction-of-logp-logd-logsw-fa/,301,slipper-prediction-of-logp-logd-logsw-fa
/software/slipper-logp-logd-logsw-fa/calculation-method.html,/software/slipper-logp-logd-logsw-fa/calculation-method/,301,calculation-method
/software/slipper-logp-logd-logsw-fa/prediction-for-a-single-compound.html,/software/slipper-logp-logd-logsw-fa/prediction-for-a-single-compound/,301,prediction-for-a-single-compound
/software/slipper-logp-logd-logsw-fa/prediction-from-an-sdf-file.html,/software/slipper-logp-logd-logsw-fa/prediction-from-an-sdf-file/,301,prediction-from-an-sdf-file
/software/slipper-logp-logd-logsw-fa/prediction-for-a-database.html,/software/slipper-logp-logd-logsw-fa/prediction-for-a-database/,301,prediction-for-a-database
/software/slipper-logp-logd-logsw-fa/references.html,/software/slipper-logp-logd-logsw-fa/references/,301,references
/software/hybot/hybot-manual/print.html,/software/hybot/hybot-manual/print/,301,Untitled
/about-timtec/print.html,/about-timtec/print/,301,Untitled
/template-based-compound-libraries.html,/template-based-compound-libraries/,301,template-based-compound-libraries
/contact-us/print.html,/contact-us/print/,301,Untitled
/our-customers/print.html,/our-customers/print/,301,Untitled
/partners/print.html,/partners/print/,301,Untitled
/timtec-network/print.html,/timtec-network/print/,301,Untitled
/grants-and-funding-web-resources/print.html,/grants-and-funding-web-resources/print/,301,Untitled
/terms-of-sale/print.html,/terms-of-sale/print/,301,Untitled
/faqs/general/faqs/print.html,/faqs/general/faqs/print/,301,Untitled
/faqs/general,/faqs/general/,301,general
/index.php/home/chemical-compounds/news/news/home/download-databases.html,/index.php/home/chemical-compounds/news/news/home/download-databases/,301,Download Databases
/index.php/home/chemical-compounds/news/news/user/register.html,/index.php/home/chemical-compounds/news/news/user/register/,301,User Registration
/index.php/home/chemical-compounds/news/news/screening-compound-libraries.html,/index.php/home/chemical-compounds/news/news/screening-compound-libraries/,301,screening-compound-libraries
/index.php/home/chemical-compounds/news/news/targeted.html,/index.php/home/chemical-compounds/news/news/targeted/,301,targeted
